"No.","Ticker","Company","Sector","Industry","Market Cap","EPS Surprise","Short Interest","Performance (15 Minutes)","Performance (30 Minutes)","Performance (1 Hour)","Performance (Week)","Performance (Month)","Change from Open","Volume","Price","Change"
1,"APLD","Applied Digital Corporation","Technology","Information Technology Services",10537.59,42.53%,76.25,0.11%,0.00%,-0.13%,7.01%,35.67%,9.88%,48149227,37.69,8.49%
2,"IREN","IREN Ltd","Financial","Capital Markets",18562.67,614.08%,50.01,0.07%,-0.00%,0.23%,9.23%,34.82%,8.25%,56562246,56.68,8.46%
3,"LYV","Live Nation Entertainment Inc","Communication Services","Entertainment",34127.79,-44.31%,18.94,0.00%,0.09%,0.18%,0.85%,3.68%,6.45%,5516758,146.97,6.39%
4,"CLS","Celestica, Inc","Technology","Electronic Components",34867.47,6.20%,3.89,0.16%,0.55%,0.49%,-3.33%,-1.23%,4.16%,3282473,303.09,4.18%
5,"GILD","Gilead Sciences, Inc","Healthcare","Drug Manufacturers - General",168645.56,15.85%,23.15,0.26%,0.01%,0.29%,12.10%,9.48%,3.56%,13180915,135.93,3.65%
6,"NOW","ServiceNow Inc","Technology","Software - Application",138220.19,13.27%,17.04,0.02%,0.03%,0.07%,1.48%,-15.04%,3.47%,16605381,133.11,3.54%
7,"PKG","Packaging Corp Of America","Consumer Cyclical","Packaging & Containers",20279.93,-3.32%,2.60,-0.27%,-0.99%,0.00%,1.55%,9.12%,3.36%,1838900,225.39,3.03%
8,"INTU","Intuit Inc","Technology","Software - Application",156936.84,7.94%,5.19,0.00%,0.00%,0.00%,1.69%,-16.47%,3.14%,3274010,563.97,2.97%
9,"MSFT","Microsoft Corporation","Technology","Software - Infrastructure",3463116.25,12.43%,52.94,0.04%,0.17%,0.16%,2.03%,-3.91%,3.12%,38000159,465.95,3.28%
10,"SCCO","Southern Copper Corporation","Basic Materials","Copper",150959.30,7.16%,9.10,0.08%,0.26%,0.21%,0.73%,25.22%,3.01%,2596073,184.30,4.47%
11,"AU","AngloGold Ashanti Plc","Basic Materials","Gold",53649.34,-3.65%,3.79,0.00%,-0.01%,0.17%,7.82%,18.07%,3.00%,3539146,106.26,3.11%
12,"RDDT","Reddit Inc","Communication Services","Internet Content & Information",41476.83,52.41%,19.04,0.18%,0.00%,0.01%,-4.31%,-6.12%,2.95%,2612780,218.88,2.02%
13,"ASND","Ascendis Pharma A/S ADR","Healthcare","Biotechnology",14382.33,-309.32%,3.45,0.15%,0.15%,0.15%,9.46%,12.40%,2.94%,1247222,235.39,2.95%
14,"CRWV","CoreWeave Inc","Technology","Software - Infrastructure",46333.56,79.47%,52.84,-0.15%,-0.14%,0.10%,-2.14%,9.61%,2.80%,20374955,92.98,1.30%
15,"ORCL","Oracle Corp","Technology","Software - Infrastructure",509003.69,37.80%,27.05,-0.03%,-0.09%,-0.11%,-6.68%,-10.70%,2.63%,23011338,177.16,-0.57%
16,"TEAM","Atlassian Corporation","Technology","Software - Application",34664.89,23.93%,5.95,0.23%,-0.03%,0.15%,2.57%,-19.88%,2.32%,5862998,131.75,2.58%
17,"META","Meta Platforms Inc","Communication Services","Internet Content & Information",1660422.67,-84.38%,33.11,0.05%,0.03%,0.02%,6.11%,-0.41%,2.17%,22797723,658.76,1.72%
18,"MRSH","Marsh","Financial","Insurance Brokers",89731.86,3.73%,4.96,0.00%,0.00%,0.00%,0.49%,-1.27%,2.16%,2611224,183.16,1.39%
19,"GWRE","Guidewire Software Inc","Technology","Software - Application",13605.62,7.58%,1.32,0.00%,0.00%,0.02%,-3.65%,-22.85%,2.10%,1281409,160.03,2.03%
20,"DPZ","Dominos Pizza Inc","Consumer Cyclical","Restaurants",13904.34,2.70%,2.12,0.00%,0.00%,-0.11%,0.59%,-3.83%,2.05%,725117,411.50,1.52%
21,"AVB","Avalonbay Communities Inc","Real Estate","REIT - Residential",25312.93,95.73%,6.12,0.00%,0.00%,0.00%,-1.12%,-2.05%,1.94%,1198849,178.77,1.71%
22,"KLAC","KLA Corp","Technology","Semiconductor Equipment & Materials",198767.70,2.14%,3.36,0.43%,0.03%,0.03%,-2.08%,19.52%,1.92%,1010484,1512.78,0.85%
23,"TTWO","Take-Two Interactive Software, Inc","Communication Services","Electronic Gaming & Multimedia",45405.70,55.70%,8.55,-0.02%,0.16%,0.00%,0.57%,-1.15%,1.90%,1175338,245.73,1.92%
24,"LIN","Linde Plc","Basic Materials","Specialty Chemicals",210860.14,0.70%,7.75,0.00%,0.00%,-0.30%,2.62%,6.63%,1.88%,1639075,451.57,1.33%
25,"AJG","Arthur J. Gallagher & Co","Financial","Insurance Brokers",65024.33,-8.63%,4.93,0.00%,0.00%,0.00%,-1.15%,-1.95%,1.86%,1504829,253.21,1.13%
26,"AMZN","Amazon.com Inc","Consumer Cyclical","Internet Retail",2556672.00,24.34%,73.42,0.06%,0.02%,-0.01%,0.41%,4.70%,1.79%,33778478,239.16,2.06%
27,"MMM","3M Co","Industrials","Conglomerates",86419.69,1.79%,7.94,0.42%,0.42%,0.21%,-4.92%,1.67%,1.75%,4461495,162.68,1.28%
28,"PM","Philip Morris International Inc","Consumer Defensive","Tobacco",269329.66,6.95%,18.10,0.01%,-0.02%,-0.04%,0.27%,8.34%,1.73%,5035961,173.02,1.75%
29,"MANH","Manhattan Associates, Inc","Technology","Software - Application",10486.14,14.56%,1.86,0.00%,0.00%,-1.51%,-0.88%,-1.18%,1.73%,584029,174.02,2.24%
30,"TGT","Target Corp","Consumer Defensive","Discount Stores",48948.38,4.18%,20.15,0.00%,0.09%,0.18%,-2.73%,13.55%,1.64%,4594123,108.10,1.50%
31,"TKO","TKO Group Holdings Inc","Communication Services","Entertainment",39974.04,-19.82%,7.41,0.00%,-0.04%,-0.04%,-1.90%,-4.91%,1.54%,1025558,204.91,2.39%
32,"HCA","HCA Healthcare Inc","Healthcare","Medical Care Facilities",107451.95,20.17%,4.12,0.00%,0.00%,0.00%,-2.67%,-0.24%,1.49%,722197,470.88,0.97%
33,"STLD","Steel Dynamics Inc","Basic Materials","Steel",26479.04,4.18%,4.10,0.00%,-0.96%,-0.94%,3.55%,3.16%,1.47%,1405628,181.32,1.40%
34,"MOH","Molina Healthcare Inc","Healthcare","Healthcare Plans",10377.15,-52.87%,3.61,0.29%,0.00%,0.00%,4.21%,23.34%,1.45%,911437,201.89,1.58%
35,"PLTR","Palantir Technologies Inc","Technology","Software - Infrastructure",404231.10,25.15%,47.04,0.08%,0.03%,0.04%,-4.22%,-12.57%,1.39%,30285671,169.60,2.23%
36,"MSTR","Strategy Inc","Technology","Software - Application",46870.23,8354.90%,34.74,0.09%,0.06%,0.17%,-4.56%,-0.74%,1.35%,14879278,163.11,1.32%
37,"AMT","American Tower Corp","Real Estate","REIT - Specialty",83681.21,10.38%,6.38,0.00%,-0.01%,-0.01%,-1.54%,3.61%,1.34%,2869844,178.75,1.02%
38,"RL","Ralph Lauren Corp","Consumer Cyclical","Apparel Manufacturing",22277.56,9.86%,2.25,0.00%,0.00%,-0.03%,-0.48%,0.02%,1.32%,401833,367.37,0.98%
39,"NEM","Newmont Corp","Basic Materials","Gold",135654.89,18.57%,20.44,-0.01%,-0.01%,0.06%,8.84%,18.53%,1.31%,8035799,124.31,2.15%
40,"SBAC","SBA Communications Corp","Real Estate","REIT - Specialty",19941.31,0.36%,2.50,0.00%,0.00%,0.00%,-2.52%,-1.82%,1.24%,681084,187.16,1.01%
41,"COST","Costco Wholesale Corp","Consumer Defensive","Discount Stores",436434.59,5.33%,7.46,0.05%,-0.01%,0.05%,2.77%,15.68%,1.22%,1680580,983.25,0.73%
42,"MSI","Motorola Solutions Inc","Technology","Communication Equipment",66898.48,5.49%,2.54,0.00%,0.00%,-0.26%,1.83%,7.77%,1.21%,795757,401.66,1.05%
43,"WDAY","Workday Inc","Technology","Software - Application",49775.38,7.10%,8.59,0.00%,0.00%,-0.06%,-1.80%,-13.18%,1.20%,2508414,189.26,0.57%
44,"DG","Dollar General Corp","Consumer Defensive","Discount Stores",32339.86,35.44%,10.05,-0.20%,0.32%,-0.51%,-3.17%,6.84%,1.16%,2447708,146.92,1.60%
45,"AVY","Avery Dennison Corp","Consumer Cyclical","Packaging & Containers",14487.48,1.91%,2.29,0.00%,0.00%,0.03%,-0.87%,3.54%,1.11%,495075,187.43,0.80%
46,"DLTR","Dollar Tree Inc","Consumer Defensive","Discount Stores",25636.15,10.97%,14.37,0.00%,-0.31%,0.09%,-8.70%,5.25%,1.09%,3349596,128.92,1.68%
47,"AMAT","Applied Materials Inc","Technology","Semiconductor Equipment & Materials",255629.08,2.77%,13.96,0.01%,-0.17%,-0.09%,1.03%,24.47%,1.07%,6200984,322.38,1.13%
48,"MCD","McDonald's Corp","Consumer Cyclical","Restaurants",220233.73,-3.21%,8.32,-0.21%,0.00%,0.00%,0.20%,-2.20%,1.03%,2350447,309.25,1.05%
49,"SAP","Sap SE ADR","Technology","Software - Application",263094.00,5.84%,1.84,-0.00%,-0.02%,-0.02%,-2.02%,-5.80%,0.97%,4046319,231.07,2.09%
50,"RACE","Ferrari N.V","Consumer Cyclical","Auto Manufacturers",60231.26,2.64%,3.97,-0.16%,-0.16%,-0.21%,-4.52%,-9.79%,0.95%,870669,338.53,0.29%
51,"WELL","Welltower Inc","Real Estate","REIT - Healthcare Facilities",126064.73,-21.43%,13.09,0.00%,0.00%,0.01%,-2.39%,-1.48%,0.94%,4668063,183.68,0.95%
52,"CRS","Carpenter Technology Corp","Industrials","Metal Fabrication",16727.66,14.26%,3.52,-1.08%,-1.08%,-1.08%,-1.28%,1.00%,0.93%,743045,335.77,0.30%
53,"ASML","ASML Holding NV","Technology","Semiconductor Equipment & Materials",538391.92,0.41%,1.15,0.55%,-0.00%,0.18%,4.31%,31.42%,0.92%,1556330,1389.04,-0.43%
54,"ABBV","Abbvie Inc","Healthcare","Drug Manufacturers - General",387516.75,5.34%,19.71,0.23%,0.23%,0.22%,1.16%,-3.80%,0.92%,5816700,219.26,0.53%
55,"CCJ","Cameco Corp","Energy","Uranium",49093.79,-74.92%,6.78,0.26%,0.24%,0.40%,9.93%,35.25%,0.92%,3401473,124.04,1.78%
56,"CDNS","Cadence Design Systems, Inc","Technology","Software - Application",86647.02,7.89%,4.40,0.00%,0.00%,-0.24%,-0.71%,0.24%,0.89%,1466990,318.32,0.39%
57,"SNX","TD Synnex Corp","Technology","Electronics & Computer Distribution",12478.72,2.71%,1.04,0.00%,0.00%,0.00%,1.90%,-0.22%,0.89%,849649,153.23,0.56%
58,"TWLO","Twilio Inc","Technology","Software - Infrastructure",19451.93,15.30%,5.09,0.00%,0.00%,0.08%,7.11%,-9.62%,0.88%,3375826,128.30,1.49%
59,"ROST","Ross Stores, Inc","Consumer Cyclical","Apparel Retail",60985.54,11.38%,7.73,0.00%,0.00%,0.00%,-2.70%,4.36%,0.87%,1976859,188.55,0.82%
60,"TSM","Taiwan Semiconductor Manufacturing ADR","Technology","Semiconductors",1736585.56,6.37%,23.91,0.01%,-0.06%,-0.05%,-1.98%,14.18%,0.84%,12904448,334.87,2.29%
61,"TMUS","T-Mobile US Inc","Communication Services","Telecom Services",208075.78,0.30%,15.52,0.01%,-0.01%,0.12%,-2.43%,-4.97%,0.83%,4827853,186.03,0.35%
62,"RGLD","Royal Gold, Inc","Basic Materials","Gold",24736.23,-3.98%,2.35,-0.18%,-0.18%,0.69%,13.10%,26.51%,0.82%,689084,293.09,1.83%
63,"CHKP","Check Point Software Technologies Ltd","Technology","Software - Infrastructure",19455.90,60.78%,5.57,0.00%,0.00%,0.00%,-3.88%,-4.98%,0.81%,845679,181.23,1.72%
64,"COKE","Coca-Cola Consolidated Inc","Consumer Defensive","Beverages - Non-Alcoholic",12835.36,,1.27,0.00%,0.22%,0.59%,-0.42%,-8.90%,0.81%,233294,150.21,0.20%
65,"ONTO","Onto Innovation Inc","Technology","Semiconductor Equipment & Materials",10384.49,5.92%,1.30,0.00%,0.00%,0.47%,-2.74%,33.03%,0.77%,613029,211.88,0.04%
66,"RCL","Royal Caribbean Group","Consumer Cyclical","Travel Services",78025.91,1.10%,11.24,0.00%,0.00%,-0.28%,2.88%,-4.86%,0.76%,2442090,286.11,0.20%
67,"AON","Aon plc","Financial","Insurance Brokers",72796.43,4.94%,1.92,0.00%,0.00%,0.02%,-1.78%,-4.72%,0.76%,1053374,338.69,0.81%
68,"HLT","Hilton Worldwide Holdings Inc","Consumer Cyclical","Lodging",69291.24,2.35%,6.82,0.00%,0.00%,-0.03%,-1.24%,1.90%,0.76%,3033955,298.11,0.74%
69,"FERG","Ferguson Enterprises Inc","Industrials","Industrial Distribution",49672.59,15.64%,2.64,0.00%,-0.14%,0.14%,1.66%,10.59%,0.72%,1125405,254.02,0.89%
70,"AXON","Axon Enterprise Inc","Industrials","Aerospace & Defense",48383.17,-23.05%,2.19,0.00%,0.00%,0.02%,-3.77%,2.16%,0.71%,423226,613.14,0.96%
71,"VRTX","Vertex Pharmaceuticals, Inc","Healthcare","Biotechnology",118844.44,4.96%,5.02,0.00%,0.00%,0.04%,6.72%,1.76%,0.68%,1330042,468.41,0.23%
72,"TPR","Tapestry Inc","Consumer Cyclical","Luxury Goods",26612.65,9.12%,12.75,0.00%,0.00%,0.26%,-2.27%,0.83%,0.68%,2033629,130.04,0.40%
73,"PNFP","Pinnacle Financial Partners Inc","Financial","Banks - Regional",14675.47,-1.06%,4.90,0.00%,0.00%,0.00%,-0.60%,-4.40%,0.67%,1841337,97.06,-0.50%
74,"W","Wayfair Inc","Consumer Cyclical","Internet Retail",14308.51,59.78%,15.57,0.00%,0.00%,0.00%,-7.16%,5.92%,0.67%,1927560,109.78,-0.34%
75,"CRCL","Circle Internet Group Inc","Financial","Capital Markets",16796.48,234.73%,10.95,-0.06%,-0.07%,0.15%,-6.88%,-18.01%,0.66%,7506249,71.33,-0.03%
76,"LOW","Lowe's Cos., Inc","Consumer Cyclical","Home Improvement Retail",155232.11,3.08%,10.57,0.00%,0.00%,0.66%,-0.10%,14.32%,0.63%,2204185,276.73,0.65%
77,"MU","Micron Technology Inc","Technology","Semiconductors",449809.78,20.67%,30.00,0.04%,0.03%,0.20%,18.72%,44.49%,0.63%,35404198,399.65,0.52%
78,"CAH","Cardinal Health, Inc","Healthcare","Medical Distribution",49498.18,16.87%,6.06,0.49%,0.00%,0.41%,-2.40%,1.53%,0.62%,2159908,208.33,0.70%
79,"MCK","Mckesson Corporation","Healthcare","Medical Distribution",101238.24,9.20%,1.99,0.00%,0.00%,0.00%,-2.83%,0.22%,0.61%,409416,820.23,0.39%
80,"HD","Home Depot, Inc","Consumer Cyclical","Home Improvement Retail",382047.44,-2.46%,11.34,-0.14%,-0.20%,-0.20%,1.22%,10.79%,0.60%,3138301,383.77,0.72%
81,"IDXX","Idexx Laboratories, Inc","Healthcare","Diagnostics & Research",55404.85,8.35%,1.98,0.00%,0.01%,0.01%,-2.57%,-1.18%,0.58%,279293,693.85,0.41%
82,"COR","Cencora Inc","Healthcare","Medical Distribution",68572.80,1.41%,5.05,0.00%,0.00%,0.00%,-0.53%,3.96%,0.58%,1137648,353.48,0.29%
83,"CEG","Constellation Energy Corporation","Utilities","Utilities - Independent Power Producers",90270.57,-2.32%,6.21,0.05%,0.01%,0.10%,-15.28%,-19.21%,0.56%,3785163,289.06,0.60%
84,"UNH","Unitedhealth Group Inc","Healthcare","Healthcare Plans",322714.06,4.46%,13.91,-0.06%,-0.14%,-0.06%,5.10%,9.56%,0.56%,9082197,356.26,0.50%
85,"CRM","Salesforce Inc","Technology","Software - Application",213682.86,13.59%,16.76,-0.08%,-0.17%,0.01%,-2.35%,-13.82%,0.56%,9408048,228.05,-0.02%
86,"APP","Applovin Corp","Communication Services","Advertising Agencies",177226.96,2.90%,15.69,0.05%,-0.01%,-0.06%,-13.60%,-28.52%,0.56%,4835106,524.41,0.47%
87,"HUM","Humana Inc","Healthcare","Healthcare Plans",32052.77,10.73%,5.30,0.00%,0.00%,0.00%,-6.15%,3.42%,0.55%,1268557,266.50,0.08%
88,"WTW","Willis Towers Watson Public Limited Co","Financial","Insurance Brokers",30908.61,0.66%,3.91,0.00%,0.00%,0.00%,-1.73%,-2.89%,0.54%,348029,322.81,0.11%
89,"HUBS","HubSpot Inc","Technology","Software - Application",16909.01,2.85%,1.42,-0.00%,-0.00%,-0.03%,-1.96%,-19.51%,0.52%,1067138,322.78,1.03%
90,"SHW","Sherwin-Williams Co","Basic Materials","Specialty Chemicals",86395.84,4.07%,3.50,0.00%,0.00%,0.00%,-2.14%,7.62%,0.51%,2142087,348.52,-0.60%
91,"FSLR","First Solar Inc","Technology","Solar",25984.67,0.10%,9.83,-0.01%,0.15%,0.00%,-0.61%,-14.91%,0.51%,1945470,242.15,1.03%
92,"SPOT","Spotify Technology S.A","Communication Services","Internet Content & Information",105666.87,66.97%,7.58,-0.16%,-0.16%,-0.16%,1.02%,-11.33%,0.51%,2900752,513.21,2.92%
93,"SHOP","Shopify Inc","Technology","Software - Application",179510.72,0.74%,15.20,-0.10%,-0.13%,0.07%,-12.72%,-18.73%,0.50%,9622887,137.89,0.18%
94,"STX","Seagate Technology Holdings Plc","Technology","Computer Hardware",73912.46,8.71%,13.12,-0.12%,-0.12%,-0.00%,8.05%,22.36%,0.47%,2957822,346.10,-0.12%
95,"GRMN","Garmin Ltd","Technology","Scientific & Technical Instruments",39653.67,0.05%,3.41,-0.05%,-0.05%,-0.05%,-3.02%,0.18%,0.47%,863900,206.17,0.02%
96,"CME","CME Group Inc","Financial","Financial Data & Stock Exchanges",101954.18,1.93%,5.00,0.20%,0.20%,0.00%,3.72%,3.49%,0.45%,1725993,282.73,0.48%
97,"BE","Bloom Energy Corp","Industrials","Electrical Equipment & Parts",34268.04,48.96%,20.56,-0.27%,-0.28%,-0.62%,4.11%,57.05%,0.45%,7806622,144.89,-0.51%
98,"UHS","Universal Health Services, Inc","Healthcare","Medical Care Facilities",12811.97,16.64%,2.06,0.00%,0.00%,0.00%,0.44%,-9.51%,0.45%,540313,205.09,-0.30%
99,"ALB","Albemarle Corp","Basic Materials","Specialty Chemicals",22304.86,77.95%,9.38,0.11%,0.00%,-0.09%,9.05%,30.35%,0.44%,3022607,189.51,0.63%
100,"NUE","Nucor Corp","Basic Materials","Steel",41572.17,20.39%,5.05,-0.04%,0.09%,-0.03%,3.92%,10.59%,0.42%,1849739,181.65,0.77%
101,"VRSK","Verisk Analytics Inc","Industrials","Consulting Services",30388.79,0.97%,3.53,0.00%,0.00%,-0.00%,-1.81%,-1.09%,0.40%,1044970,218.04,-0.21%
102,"ROP","Roper Technologies Inc","Technology","Software - Application",43874.09,0.56%,2.20,0.00%,0.00%,0.00%,-1.60%,-9.27%,0.39%,1712315,407.61,0.03%
103,"BWXT","BWX Technologies Inc","Industrials","Aerospace & Defense",18993.91,17.19%,2.75,0.01%,0.01%,-0.00%,-2.58%,16.45%,0.38%,603057,207.75,0.69%
104,"TSLA","Tesla Inc","Consumer Cyclical","Auto Manufacturers",1493492.38,-10.43%,67.87,-0.06%,-0.10%,-0.07%,2.39%,-8.12%,0.37%,56771364,449.06,-0.07%
105,"THC","Tenet Healthcare Corp","Healthcare","Medical Care Facilities",16590.93,10.88%,2.63,0.00%,0.00%,0.00%,-6.23%,-5.55%,0.35%,658186,188.78,-0.35%
106,"PGR","Progressive Corp","Financial","Insurance - Property & Casualty",120815.41,-20.89%,6.67,0.00%,0.00%,0.00%,1.23%,-9.38%,0.34%,3999871,206.03,-0.43%
107,"ALGN","Align Technology, Inc","Healthcare","Medical Instruments & Supplies",12106.38,8.61%,2.37,0.00%,0.00%,0.00%,-1.60%,5.93%,0.32%,408052,168.73,-0.11%
108,"TER","Teradyne, Inc","Technology","Semiconductor Equipment & Materials",35891.49,7.58%,4.80,0.21%,0.15%,0.15%,0.65%,16.21%,0.31%,1830519,229.18,0.02%
109,"AAPL","Apple Inc","Technology","Consumer Electronics",3645673.50,4.10%,112.73,-0.03%,-0.03%,-0.06%,-3.94%,-8.46%,0.29%,41688982,248.04,-0.12%
110,"FTAI","FTAI Aviation Ltd","Industrials","Rental & Leasing Services",29961.55,-9.41%,3.42,0.00%,0.33%,0.03%,9.46%,71.07%,0.27%,2230906,292.10,-0.47%
111,"FANG","Diamondback Energy Inc","Energy","Oil & Gas E&P",44130.68,4.76%,8.82,0.00%,0.63%,0.63%,2.12%,3.75%,0.27%,1227537,154.02,1.43%
112,"CBRE","CBRE Group Inc","Real Estate","Real Estate Services",50361.66,10.04%,2.85,0.00%,-0.61%,-0.61%,-0.94%,3.15%,0.25%,1067129,169.23,-0.55%
113,"ULTA","Ulta Beauty Inc","Consumer Cyclical","Specialty Retail",30437.77,11.54%,2.07,0.00%,0.00%,0.26%,3.16%,11.94%,0.25%,527312,686.12,0.66%
114,"AVGO","Broadcom Inc","Technology","Semiconductors",1517444.62,4.43%,55.14,-0.11%,-0.06%,0.01%,-6.70%,-6.27%,0.23%,30259482,320.05,-1.67%
115,"ZS","Zscaler Inc","Technology","Software - Infrastructure",33428.36,12.10%,7.03,-0.02%,-0.18%,-0.04%,-0.46%,-9.67%,0.23%,1510293,209.62,0.63%
116,"PEN","Penumbra Inc","Healthcare","Medical Devices",14093.65,4.45%,1.71,0.00%,0.00%,0.00%,2.50%,11.97%,0.23%,1038930,359.26,0.20%
117,"ADSK","Autodesk Inc","Technology","Software - Application",57240.00,6.88%,4.31,-0.33%,-0.33%,-0.06%,2.95%,-10.14%,0.22%,1493407,270.00,0.09%
118,"ALLE","Allegion plc","Industrials","Security & Protection Services",14350.13,4.04%,2.38,0.00%,0.00%,0.00%,2.02%,3.75%,0.22%,1255536,166.80,-0.07%
119,"CRH","CRH Plc","Basic Materials","Building Materials",82202.48,0.50%,19.15,-0.40%,-0.40%,-0.40%,0.23%,-2.68%,0.21%,3062405,122.84,-1.33%
120,"DASH","DoorDash Inc","Consumer Cyclical","Internet Retail",89315.82,-19.45%,13.72,-0.04%,-0.05%,0.15%,-1.37%,-11.78%,0.20%,2296044,207.23,-0.20%
121,"OC","Owens Corning","Industrials","Building Products & Equipment",10223.83,-1.01%,2.92,0.00%,0.00%,0.00%,-0.27%,9.69%,0.20%,1047545,124.39,-0.76%
122,"ECL","Ecolab, Inc","Basic Materials","Specialty Chemicals",79844.13,-0.04%,2.89,0.00%,0.00%,0.00%,1.50%,5.43%,0.18%,847919,281.90,0.15%
123,"NTES","NetEase Inc ADR","Communication Services","Electronic Gaming & Multimedia",82642.07,0.43%,2.37,0.00%,0.00%,0.00%,-2.84%,-4.36%,0.18%,365735,132.24,-0.45%
124,"ELV","Elevance Health Inc","Healthcare","Healthcare Plans",82463.91,22.24%,4.10,0.76%,0.76%,0.76%,-2.85%,7.78%,0.18%,1387068,371.06,-0.32%
125,"CB","Chubb Limited","Financial","Insurance - Property & Casualty",118423.40,21.48%,3.62,0.00%,0.43%,-0.07%,-0.07%,-3.23%,0.17%,1767012,300.91,-0.00%
126,"JNJ","Johnson & Johnson","Healthcare","Drug Manufacturers - General",530382.25,-0.12%,20.43,0.04%,0.01%,0.00%,0.26%,6.18%,0.15%,6951040,220.14,0.76%
127,"VRT","Vertiv Holdings Co","Industrials","Electrical Equipment & Parts",69772.92,25.97%,10.63,0.03%,0.04%,-0.24%,5.77%,9.77%,0.15%,3496291,182.49,0.76%
128,"MP","MP Materials Corporation","Basic Materials","Other Industrial Metals & Mining",12331.70,42.16%,23.27,-0.06%,-0.08%,0.12%,4.32%,27.93%,0.14%,8077164,69.58,1.77%
129,"MSCI","MSCI Inc","Financial","Financial Data & Stock Exchanges",44314.30,2.04%,1.77,-0.21%,-0.21%,0.00%,-1.26%,2.28%,0.13%,373082,589.76,-0.25%
130,"MAR","Marriott International, Inc","Consumer Cyclical","Lodging",85792.08,3.95%,7.90,0.02%,0.02%,-0.06%,-1.87%,1.90%,0.12%,1368537,319.70,-0.61%
131,"V","Visa Inc","Financial","Credit Services",623733.66,0.40%,23.30,-0.02%,0.01%,0.03%,-0.48%,-7.36%,0.10%,5667908,326.18,-0.06%
132,"GLW","Corning, Inc","Technology","Electronic Components",79991.73,0.83%,13.00,0.32%,-0.33%,-0.23%,-0.20%,5.54%,0.10%,4246805,93.30,-1.04%
133,"DLR","Digital Realty Trust Inc","Real Estate","REIT - Specialty",54671.71,-51.36%,9.55,-0.02%,-0.02%,-0.02%,-0.88%,3.68%,0.09%,1397868,159.16,0.28%
134,"NVDA","NVIDIA Corp","Technology","Semiconductors",4560381.00,3.09%,256.76,0.01%,0.01%,0.00%,0.33%,2.17%,0.09%,142748076,187.67,1.53%
135,"SPG","Simon Property Group, Inc","Real Estate","REIT - Retail",60308.81,15.77%,5.08,0.00%,0.00%,0.00%,1.33%,-1.03%,0.09%,833505,184.73,-0.20%
136,"HOOD","Robinhood Markets Inc","Financial","Capital Markets",96204.21,13.36%,36.51,-0.03%,0.15%,0.09%,-3.04%,-12.57%,0.08%,17691110,106.99,0.70%
137,"WPM","Wheaton Precious Metals Corp","Basic Materials","Gold",66359.56,5.51%,3.41,0.23%,0.25%,-0.03%,7.87%,19.60%,0.08%,2218076,146.16,1.71%
138,"VST","Vistra Corp","Utilities","Utilities - Independent Power Producers",54252.74,-15.80%,7.83,0.13%,-0.07%,-0.24%,-11.13%,-0.90%,0.07%,4475807,160.12,-0.15%
139,"SE","Sea Ltd ADR","Consumer Cyclical","Internet Retail",68191.02,-32.59%,16.19,-0.01%,-0.04%,0.14%,0.63%,0.00%,0.06%,3702131,124.78,1.59%
140,"WM","Waste Management, Inc","Industrials","Waste Management",92349.22,-1.61%,4.79,0.00%,-0.01%,-0.11%,4.26%,4.36%,0.06%,1659320,229.23,0.10%
141,"LRCX","Lam Research Corp","Technology","Semiconductor Equipment & Materials",273739.19,3.60%,33.12,0.08%,0.38%,0.06%,0.22%,24.35%,0.03%,10156786,217.94,-1.25%
142,"DELL","Dell Technologies Inc","Technology","Computer Hardware",76494.26,4.93%,21.53,0.00%,-0.06%,-0.06%,-3.54%,-8.83%,0.01%,6342803,115.43,-1.49%
143,"CIEN","CIENA Corp","Technology","Communication Equipment",32275.46,16.59%,6.50,-0.00%,-0.44%,-0.00%,-6.01%,-3.21%,-0.01%,1806218,229.14,-0.39%
144,"ATI","ATI Inc","Industrials","Metal Fabrication",16785.96,15.96%,2.23,-0.93%,-0.93%,1.22%,-1.47%,6.73%,-0.02%,1428558,123.55,0.36%
145,"STE","Steris Plc","Healthcare","Medical Devices",25471.11,5.05%,1.39,0.00%,0.00%,0.00%,-3.26%,1.72%,-0.03%,367166,259.52,-0.53%
146,"CTAS","Cintas Corporation","Industrials","Specialty Business Services",77162.71,1.07%,6.38,0.00%,0.00%,0.00%,-1.34%,0.51%,-0.06%,1404174,192.96,-0.06%
147,"CHTR","Charter Communications Inc","Communication Services","Telecom Services",27778.39,-9.60%,17.33,0.00%,0.01%,0.01%,-1.50%,-6.96%,-0.06%,1423566,191.69,-0.51%
148,"ICLR","Icon Plc","Healthcare","Diagnostics & Research",14256.40,0.28%,2.64,-0.22%,0.37%,0.58%,2.27%,4.22%,-0.07%,515759,186.70,-0.02%
149,"BR","Broadridge Financial Solutions, Inc","Technology","Information Technology Services",24225.64,21.19%,2.09,0.00%,0.00%,0.00%,-5.39%,-9.06%,-0.07%,836876,207.54,-1.07%
150,"HUBB","Hubbell Inc","Industrials","Electrical Equipment & Parts",25803.37,2.51%,2.74,0.00%,0.00%,0.00%,0.29%,7.65%,-0.08%,404252,485.53,0.30%
151,"ESS","Essex Property Trust, Inc","Real Estate","REIT - Residential",16937.08,64.16%,2.15,0.00%,0.00%,0.00%,0.22%,-2.59%,-0.08%,589605,254.08,0.45%
152,"HSY","Hershey Company","Consumer Defensive","Confectioners",38772.57,21.86%,10.48,0.00%,0.00%,0.00%,-4.91%,2.59%,-0.08%,2524488,191.20,0.29%
153,"ADP","Automatic Data Processing Inc","Technology","Software - Application",104295.20,2.12%,6.95,-0.04%,-0.04%,-0.15%,-0.90%,-0.72%,-0.10%,2114594,257.87,-0.76%
154,"EQIX","Equinix Inc","Real Estate","REIT - Specialty",77691.70,6.02%,2.22,0.00%,0.00%,0.00%,-1.32%,4.40%,-0.10%,467368,791.27,-0.19%
155,"EPAM","EPAM Systems Inc","Technology","Information Technology Services",12054.49,1.74%,2.64,0.00%,0.00%,0.00%,1.38%,3.13%,-0.11%,694728,218.21,-0.38%
156,"TXRH","Texas Roadhouse Inc","Consumer Cyclical","Restaurants",12610.75,-2.24%,2.85,0.00%,0.00%,0.00%,-1.52%,9.76%,-0.12%,733541,190.65,-0.31%
157,"ADBE","Adobe Inc","Technology","Software - Application",123589.23,1.88%,12.37,0.09%,0.02%,0.11%,-0.99%,-15.79%,-0.13%,4368651,301.07,0.45%
158,"JBL","Jabil Inc","Technology","Electronic Components",25674.43,5.41%,3.74,0.06%,0.06%,0.21%,-3.97%,5.81%,-0.15%,927768,243.14,-0.64%
159,"APH","Amphenol Corp","Technology","Electronic Components",184820.16,17.25%,12.03,-0.28%,-0.04%,-0.27%,-2.09%,11.73%,-0.17%,7333749,150.99,-0.99%
160,"RKLB","Rocket Lab Corp","Industrials","Aerospace & Defense",47486.50,69.64%,39.49,-0.10%,0.02%,-0.22%,-2.05%,14.64%,-0.17%,24380957,88.90,1.05%
161,"NOC","Northrop Grumman Corp","Industrials","Aerospace & Defense",96043.47,19.04%,1.52,0.01%,-0.11%,-0.13%,2.80%,15.10%,-0.19%,597948,672.95,0.37%
162,"HON","Honeywell International Inc","Industrials","Conglomerates",140602.12,8.81%,10.08,0.22%,0.06%,0.00%,3.00%,13.01%,-0.23%,3819883,221.46,-0.49%
163,"BA","Boeing Co","Industrials","Aerospace & Defense",197451.41,-44.73%,15.55,0.02%,-0.02%,0.05%,1.78%,16.28%,-0.23%,7078683,252.15,0.29%
164,"ITT","ITT Inc","Industrials","Specialty Industrial Machinery",15758.23,6.68%,2.14,0.14%,0.48%,0.36%,0.04%,3.28%,-0.23%,483234,183.15,-0.59%
165,"FN","Fabrinet","Technology","Electronic Components",16728.08,3.39%,1.59,0.00%,0.00%,0.00%,-6.16%,-3.44%,-0.25%,847262,466.91,-0.74%
166,"PDD","PDD Holdings Inc ADR","Consumer Cyclical","Internet Retail",148096.91,27.12%,27.33,0.05%,0.04%,0.05%,-1.01%,-4.94%,-0.25%,5338551,106.38,0.34%
167,"CBOE","Cboe Global Markets Inc","Financial","Financial Data & Stock Exchanges",28922.70,4.94%,2.06,0.00%,0.00%,0.00%,2.05%,9.75%,-0.26%,570197,276.39,-0.26%
168,"CI","Cigna Group","Healthcare","Healthcare Plans",74581.53,2.49%,4.69,0.00%,0.00%,0.00%,0.45%,1.31%,-0.28%,1024035,279.20,-0.42%
169,"DDOG","Datadog Inc","Technology","Software - Application",45632.78,20.19%,9.28,0.46%,0.17%,0.17%,7.67%,-8.26%,-0.28%,4073311,130.13,-0.85%
170,"AXP","American Express Co","Financial","Credit Services",249150.75,3.61%,9.15,-0.03%,-0.01%,-0.01%,1.21%,-5.03%,-0.29%,2802003,361.69,-1.72%
171,"PWR","Quanta Services, Inc","Industrials","Engineering & Construction",69899.56,2.52%,4.89,0.39%,0.39%,1.29%,4.72%,8.25%,-0.31%,761681,468.76,-0.00%
172,"NXT","Nextpower Inc","Technology","Solar",15580.61,12.16%,6.79,0.00%,0.50%,0.50%,6.44%,13.65%,-0.32%,2231625,105.00,-0.17%
173,"BLK","Blackrock Inc","Financial","Asset Management",184332.30,7.56%,1.22,-0.53%,-0.53%,-0.01%,-2.31%,3.83%,-0.35%,730692,1129.91,-0.86%
174,"ALL","Allstate Corp","Financial","Insurance - Property & Casualty",50674.66,45.72%,4.75,-0.01%,0.01%,-0.14%,-0.93%,-7.02%,-0.36%,1460582,193.65,-0.83%
175,"MELI","MercadoLibre Inc","Consumer Cyclical","Internet Retail",108354.58,-8.77%,0.91,0.22%,0.00%,-0.41%,1.83%,7.20%,-0.36%,467184,2137.29,-0.76%
176,"BURL","Burlington Stores Inc","Consumer Cyclical","Apparel Retail",18749.73,9.62%,2.86,-0.03%,-0.03%,0.34%,-2.72%,5.83%,-0.37%,819722,297.96,-0.66%
177,"H","Hyatt Hotels Corporation","Consumer Cyclical","Lodging",15552.99,-165.62%,5.73,0.00%,0.00%,0.00%,-3.49%,-1.31%,-0.39%,657072,163.78,-1.00%
178,"VRSN","Verisign Inc","Technology","Software - Infrastructure",23230.62,0.92%,2.44,-0.19%,-0.19%,-0.19%,0.55%,1.80%,-0.40%,412219,250.60,-0.36%
179,"AMGN","AMGEN Inc","Healthcare","Drug Manufacturers - General",185641.20,12.37%,14.98,0.20%,0.20%,-0.01%,4.46%,4.03%,-0.41%,2024980,344.75,-0.67%
180,"LNG","Cheniere Energy Inc","Energy","Oil & Gas Midstream",44628.93,63.01%,3.53,-0.23%,-0.23%,-0.23%,2.27%,9.49%,-0.43%,1302355,207.35,0.27%
181,"TRV","Travelers Companies Inc","Financial","Insurance - Property & Casualty",61949.17,26.50%,3.78,0.00%,0.00%,0.00%,2.35%,-4.77%,-0.44%,1679156,277.72,-0.27%
182,"AEM","Agnico Eagle Mines Ltd","Basic Materials","Gold",107709.80,8.85%,5.99,-0.12%,0.11%,0.11%,7.05%,19.10%,-0.45%,2598091,214.54,0.40%
183,"WYNN","Wynn Resorts Ltd","Consumer Cyclical","Resorts & Casinos",11806.30,-25.41%,5.54,-0.12%,-0.40%,-0.40%,-3.25%,-9.87%,-0.45%,746163,113.55,-1.31%
184,"RTX","RTX Corp","Industrials","Aerospace & Defense",262697.44,20.40%,9.78,-0.14%,-0.14%,-0.00%,-1.95%,5.52%,-0.46%,5113118,195.93,-0.21%
185,"LSCC","Lattice Semiconductor Corp","Technology","Semiconductors",11535.20,0.43%,10.16,0.08%,-0.62%,-0.62%,-1.06%,10.22%,-0.48%,1680697,84.33,-1.14%
186,"CRWD","Crowdstrike Holdings Inc","Technology","Software - Infrastructure",114072.02,2.23%,6.60,0.06%,0.01%,0.09%,-0.55%,-6.34%,-0.48%,1770799,452.49,-0.28%
187,"SN","SharkNinja Inc","Consumer Cyclical","Furnishings, Fixtures & Appliances",17423.14,13.22%,6.44,0.00%,0.00%,0.00%,-2.16%,5.48%,-0.49%,817953,123.44,-0.43%
188,"REGN","Regeneron Pharmaceuticals, Inc","Healthcare","Biotechnology",79197.70,22.53%,2.48,-0.26%,-0.24%,-0.26%,1.57%,-3.31%,-0.50%,721175,753.55,-0.26%
189,"RVTY","Revvity Inc","Healthcare","Diagnostics & Research",13234.34,3.42%,6.46,-1.21%,-1.21%,-1.45%,1.21%,19.39%,-0.50%,1396239,116.73,-0.87%
190,"DGX","Quest Diagnostics, Inc","Healthcare","Diagnostics & Research",20137.09,3.88%,5.85,0.00%,-0.01%,-0.42%,-4.86%,2.65%,-0.51%,848894,181.02,-0.63%
191,"FIVE","Five Below Inc","Consumer Cyclical","Specialty Retail",10500.25,173.42%,2.37,0.00%,0.00%,-0.50%,-3.87%,2.05%,-0.53%,738942,190.37,-0.50%
192,"IBM","International Business Machines Corp","Technology","Information Technology Services",273353.97,8.32%,19.61,0.11%,0.11%,0.11%,-1.85%,-3.42%,-0.55%,3298424,292.44,-0.76%
193,"AMD","Advanced Micro Devices Inc","Technology","Semiconductors",422769.81,2.40%,36.87,-0.09%,-0.08%,-0.12%,13.93%,20.81%,-0.57%,47525928,259.68,2.35%
194,"LHX","L3Harris Technologies Inc","Industrials","Aerospace & Defense",66353.26,4.64%,2.85,-0.53%,-0.53%,0.00%,4.20%,20.21%,-0.58%,1473648,354.73,-0.29%
195,"SYK","Stryker Corp","Healthcare","Medical Devices",135775.69,1.82%,4.76,0.00%,0.00%,0.12%,-2.06%,-0.42%,-0.59%,1846949,355.04,-1.01%
196,"RJF","Raymond James Financial, Inc","Financial","Asset Management",33378.34,9.97%,7.22,0.00%,0.00%,0.00%,-1.47%,1.83%,-0.62%,723123,169.03,-1.48%
197,"ITW","Illinois Tool Works, Inc","Industrials","Specialty Industrial Machinery",74921.23,2.21%,8.30,0.00%,0.00%,0.00%,-1.39%,2.66%,-0.63%,1292819,258.26,-0.55%
198,"NVT","nVent Electric plc","Industrials","Electrical Equipment & Parts",17796.34,2.79%,3.83,0.02%,0.02%,0.02%,2.14%,7.30%,-0.64%,1208484,110.29,-1.15%
199,"LMT","Lockheed Martin Corp","Industrials","Aerospace & Defense",136714.45,8.87%,3.00,-0.15%,-0.10%,-0.03%,2.24%,22.18%,-0.64%,1271698,590.82,-0.52%
200,"KEYS","Keysight Technologies Inc","Technology","Scientific & Technical Instruments",36586.74,4.20%,2.40,0.00%,0.00%,0.00%,-0.73%,4.53%,-0.64%,796893,212.94,-1.29%
201,"RVMD","Revolution Medicines Inc","Healthcare","Biotechnology",22740.21,-13.29%,15.31,0.08%,0.08%,1.11%,-4.58%,45.98%,-0.65%,2522362,117.63,-0.99%
202,"COHR","Coherent Corp","Technology","Scientific & Technical Instruments",30949.83,11.05%,5.98,0.00%,0.37%,0.22%,0.50%,3.12%,-0.65%,2564919,196.94,-2.85%
203,"GEV","GE Vernova Inc","Industrials","Specialty Industrial Machinery",178469.19,-2.05%,7.06,-0.03%,0.10%,-0.07%,2.42%,-0.61%,-0.66%,2009616,657.78,-0.59%
204,"FFIV","F5 Inc","Technology","Software - Infrastructure",15060.31,10.49%,3.26,0.00%,0.00%,0.00%,-5.38%,-0.44%,-0.67%,813948,259.26,-1.05%
205,"VMC","Vulcan Materials Co","Basic Materials","Building Materials",39648.52,4.21%,4.78,0.00%,0.94%,1.01%,-0.54%,2.81%,-0.68%,659323,300.07,-1.06%
206,"TSEM","Tower Semiconductor Ltd","Technology","Semiconductors",14374.14,1.21%,2.79,0.09%,0.27%,0.23%,3.73%,8.68%,-0.68%,1146457,128.62,-1.05%
207,"BRK-B","Berkshire Hathaway Inc","Financial","Insurance - Diversified",1034594.44,9.39%,11.10,0.01%,-0.01%,-0.02%,-2.77%,-4.20%,-0.68%,5436633,478.97,-1.14%
208,"DKS","Dicks Sporting Goods, Inc","Consumer Cyclical","Specialty Retail",18548.07,-23.14%,6.39,0.01%,-0.12%,-0.12%,-3.16%,-2.37%,-0.68%,646757,206.16,-0.73%
209,"ICE","Intercontinental Exchange Inc","Financial","Financial Data & Stock Exchanges",98600.98,6.95%,8.55,0.00%,0.00%,0.00%,-0.20%,7.11%,-0.69%,2697896,172.93,-0.81%
210,"MTB","M & T Bank Corp","Financial","Banks - Regional",32863.84,4.32%,6.18,0.00%,0.02%,0.00%,0.59%,3.38%,-0.70%,1249003,213.82,-1.67%
211,"NSC","Norfolk Southern Corp","Industrials","Railroads",70331.66,3.47%,8.54,0.00%,0.00%,0.00%,-1.16%,-1.44%,-0.70%,940389,287.41,-0.58%
212,"CVX","Chevron Corp","Energy","Oil & Gas Integrated",335694.31,9.54%,17.93,-0.01%,-0.03%,0.15%,0.34%,11.30%,-0.73%,8368686,166.72,0.04%
213,"DE","Deere & Co","Industrials","Farm & Heavy Construction Machinery",139125.25,2.26%,6.31,0.00%,0.00%,-0.00%,-0.12%,9.74%,-0.74%,1590604,514.43,-1.52%
214,"CLH","Clean Harbors, Inc","Industrials","Waste Management",13866.10,-5.71%,1.71,0.00%,-0.42%,-0.45%,-2.81%,8.58%,-0.76%,257747,259.51,-0.75%
215,"STZ","Constellation Brands Inc","Consumer Defensive","Beverages - Brewers",27533.76,16.19%,9.11,0.00%,0.00%,-0.01%,0.02%,12.02%,-0.77%,2250480,158.78,-1.21%
216,"QCOM","Qualcomm, Inc","Technology","Semiconductors",166883.23,4.36%,29.66,0.06%,-0.06%,0.06%,-3.45%,-10.56%,-0.78%,7106729,155.82,-1.25%
217,"ABT","Abbott Laboratories","Healthcare","Medical Devices",186789.62,0.29%,17.40,0.00%,0.09%,0.09%,-13.04%,-14.20%,-0.79%,21813144,107.42,-1.10%
218,"ABNB","Airbnb Inc","Consumer Cyclical","Travel Services",81344.90,-4.28%,17.92,0.33%,0.33%,-0.26%,-0.34%,-3.50%,-0.80%,4302887,132.15,-1.23%
219,"OKTA","Okta Inc","Technology","Software - Infrastructure",16085.42,8.14%,5.95,0.00%,0.00%,0.15%,-1.28%,-0.20%,-0.80%,1304811,90.76,-0.77%
220,"ROKU","Roku Inc","Communication Services","Entertainment",15695.67,80.79%,7.43,0.18%,0.15%,0.05%,1.20%,-3.25%,-0.84%,2336827,106.23,-0.93%
221,"NTRA","Natera Inc","Healthcare","Diagnostics & Research",33415.62,-65.93%,4.75,-0.48%,-0.48%,-0.48%,0.52%,2.55%,-0.84%,961083,241.58,-0.55%
222,"WMS","Advanced Drainage Systems Inc","Industrials","Building Products & Equipment",11904.96,20.14%,3.36,0.00%,0.00%,1.98%,-3.89%,2.57%,-0.84%,496266,153.09,-1.73%
223,"LULU","Lululemon Athletica inc","Consumer Cyclical","Apparel Retail",23391.18,16.44%,6.01,0.02%,0.09%,-0.08%,-6.80%,-10.03%,-0.85%,1719891,191.07,-1.84%
224,"NET","Cloudflare Inc","Technology","Software - Infrastructure",60752.76,17.34%,9.12,-0.40%,-0.46%,-0.46%,-5.81%,-14.16%,-0.87%,3652106,173.44,0.08%
225,"FDS","Factset Research Systems Inc","Financial","Financial Data & Stock Exchanges",10635.62,3.52%,1.68,0.00%,0.10%,0.26%,-1.04%,-1.46%,-0.90%,256843,286.68,-0.73%
226,"GD","General Dynamics Corp","Industrials","Aerospace & Defense",98126.66,4.86%,3.07,0.00%,0.00%,-0.04%,-1.47%,5.24%,-0.91%,1181620,363.27,-0.70%
227,"FIX","Comfort Systems USA, Inc","Industrials","Engineering & Construction",39555.38,31.25%,0.78,1.61%,1.61%,1.32%,2.79%,17.95%,-0.91%,271899,1121.44,-0.91%
228,"BIIB","Biogen Inc","Healthcare","Drug Manufacturers - General",25172.64,23.89%,4.47,0.13%,0.13%,0.09%,1.79%,-1.78%,-0.91%,1250463,171.59,-1.27%
229,"MCO","Moody's Corp","Financial","Financial Data & Stock Exchanges",93488.73,6.05%,2.14,0.00%,0.06%,0.06%,-2.89%,2.82%,-0.92%,590815,524.04,-1.17%
230,"SATS","EchoStar Corp","Communication Services","Telecom Services",36416.36,-3560.29%,24.48,0.24%,0.32%,0.53%,2.39%,16.18%,-0.92%,3796978,126.50,-1.14%
231,"PNC","PNC Financial Services Group Inc","Financial","Banks - Regional",86035.64,16.12%,7.02,0.00%,-0.02%,-0.02%,2.02%,3.05%,-0.93%,3233561,219.39,-1.18%
232,"DRI","Darden Restaurants, Inc","Consumer Cyclical","Restaurants",23738.26,-1.10%,5.39,0.00%,0.00%,0.00%,-3.81%,8.93%,-0.93%,1490043,206.17,0.49%
233,"VEEV","Veeva Systems Inc","Healthcare","Health Information Services",36492.77,4.52%,4.77,0.00%,0.00%,-0.01%,1.39%,-0.61%,-0.93%,1175861,222.00,-1.46%
234,"LH","Labcorp Holdings Inc","Healthcare","Diagnostics & Research",22106.12,1.21%,3.12,0.00%,0.00%,0.00%,-0.83%,4.55%,-0.94%,445460,266.66,-1.23%
235,"CVNA","Carvana Co","Consumer Cyclical","Auto & Truck Dealerships",102964.89,-14.34%,16.13,0.04%,0.06%,0.13%,2.70%,9.16%,-0.94%,2460863,473.31,-1.07%
236,"RMD","Resmed Inc","Healthcare","Medical Instruments & Supplies",36838.97,1.32%,11.67,0.00%,0.00%,0.00%,-3.19%,2.31%,-0.94%,722129,252.38,-1.16%
237,"UNP","Union Pacific Corp","Industrials","Railroads",136219.39,2.92%,24.82,0.00%,0.00%,0.00%,-0.37%,-2.11%,-0.98%,3189102,229.65,-0.74%
238,"WCC","Wesco International, Inc","Industrials","Industrial Distribution",13932.77,2.56%,2.05,0.00%,0.00%,0.00%,0.88%,12.53%,-1.01%,342484,286.41,-1.29%
239,"APD","Air Products & Chemicals Inc","Basic Materials","Specialty Chemicals",58174.36,0.30%,6.13,0.00%,0.00%,0.00%,-1.74%,6.77%,-1.03%,1295005,261.35,-1.02%
240,"DOV","Dover Corp","Industrials","Specialty Industrial Machinery",28350.95,4.53%,4.26,0.00%,0.43%,0.43%,0.41%,3.61%,-1.05%,1185354,206.71,-1.30%
241,"GE","GE Aerospace","Industrials","Aerospace & Defense",309978.19,9.82%,14.19,-0.15%,-0.15%,-0.16%,-8.15%,-6.63%,-1.05%,7780195,293.87,-0.38%
242,"TRGP","Targa Resources Corp","Energy","Oil & Gas Midstream",41107.12,4.70%,4.98,0.00%,0.00%,0.00%,5.26%,4.84%,-1.07%,1245772,191.50,0.02%
243,"JAZZ","Jazz Pharmaceuticals plc","Healthcare","Biotechnology",10251.68,36.72%,5.36,0.01%,-0.25%,-0.34%,-1.43%,-0.57%,-1.08%,1070787,168.71,-1.34%
244,"BIDU","Baidu Inc ADR","Communication Services","Internet Content & Information",44917.45,44.76%,6.91,-0.19%,-0.23%,-0.30%,8.06%,29.76%,-1.11%,2214881,161.44,-0.66%
245,"NRG","NRG Energy Inc","Utilities","Utilities - Independent Power Producers",28611.76,29.91%,3.94,-0.07%,-0.07%,0.62%,-5.80%,-4.88%,-1.11%,2296446,149.30,-1.18%
246,"PH","Parker-Hannifin Corp","Industrials","Specialty Industrial Machinery",117099.99,9.01%,1.26,0.00%,0.00%,0.00%,-1.76%,4.68%,-1.12%,442471,927.99,-1.20%
247,"ISRG","Intuitive Surgical Inc","Healthcare","Medical Instruments & Supplies",185752.39,11.58%,7.44,0.11%,0.11%,0.11%,-3.21%,-9.63%,-1.13%,2799462,523.99,-0.35%
248,"ACN","Accenture plc","Technology","Information Technology Services",172944.28,5.45%,11.33,-0.01%,0.12%,0.12%,-2.33%,3.84%,-1.15%,2565374,281.07,-1.41%
249,"CYBR","CyberArk Software Ltd","Technology","Software - Infrastructure",22120.01,29.97%,2.71,0.00%,0.00%,-0.09%,-3.40%,-4.21%,-1.17%,567578,438.22,-1.02%
250,"SPGI","S&P Global Inc","Financial","Financial Data & Stock Exchanges",161577.09,7.13%,4.95,0.24%,0.00%,0.00%,-2.17%,2.24%,-1.18%,1603593,533.61,-1.15%
251,"SNPS","Synopsys, Inc","Technology","Software - Infrastructure",95925.04,4.23%,4.55,0.19%,0.12%,0.12%,-1.34%,4.19%,-1.20%,1446579,501.39,-1.59%
252,"C","Citigroup Inc","Financial","Banks - Diversified",203242.73,-27.73%,28.83,-0.02%,0.01%,-0.11%,-3.29%,-3.81%,-1.20%,12164362,113.59,-1.79%
253,"STT","State Street Corp","Financial","Asset Management",35188.93,6.60%,4.76,0.46%,0.46%,0.00%,-7.48%,-3.65%,-1.21%,1840500,126.09,-1.84%
254,"TT","Trane Technologies plc","Industrials","Building Products & Equipment",85640.04,2.04%,3.19,-0.01%,-0.01%,-0.27%,-0.27%,-0.93%,-1.22%,1762336,386.22,-1.00%
255,"MRVL","Marvell Technology Inc","Technology","Semiconductors",68043.06,2.34%,38.73,0.11%,0.12%,0.17%,-0.19%,-5.39%,-1.22%,13924585,80.23,-3.45%
256,"ENTG","Entegris Inc","Technology","Semiconductor Equipment & Materials",17389.28,-0.51%,10.76,0.00%,-1.96%,-1.96%,1.03%,34.76%,-1.24%,2910605,114.71,-3.22%
257,"TXN","Texas Instruments Inc","Technology","Semiconductors",175645.92,-0.58%,18.78,0.05%,-0.01%,-0.01%,2.22%,8.10%,-1.25%,6691594,193.31,-0.86%
258,"MA","Mastercard Incorporated","Financial","Credit Services",471214.33,1.47%,6.57,0.00%,-0.02%,-0.01%,-3.30%,-8.85%,-1.26%,5003162,524.74,-1.52%
259,"BABA","Alibaba Group Holding Ltd ADR","Consumer Cyclical","Internet Retail",389232.21,-27.01%,46.00,-0.03%,-0.05%,-0.06%,1.35%,14.75%,-1.26%,13064063,173.23,-2.23%
260,"KKR","KKR & Co. Inc","Financial","Asset Management",108076.60,8.62%,10.44,0.00%,0.00%,0.39%,-7.67%,-7.74%,-1.26%,3183391,121.25,-1.81%
261,"VLO","Valero Energy Corp","Energy","Oil & Gas Refining & Marketing",57064.23,20.02%,13.93,-0.27%,-0.27%,-0.27%,1.36%,14.39%,-1.27%,2846647,187.09,0.11%
262,"GOOG","Alphabet Inc","Communication Services","Internet Content & Information",3959834.81,26.62%,53.60,-0.07%,-0.08%,-0.01%,-1.42%,5.49%,-1.27%,19110585,328.43,-0.73%
263,"MPWR","Monolithic Power System Inc","Technology","Semiconductors",50960.59,2.00%,2.86,-0.34%,-0.34%,-0.34%,5.37%,12.55%,-1.29%,402564,1063.74,-1.20%
264,"MPC","Marathon Petroleum Corp","Energy","Oil & Gas Refining & Marketing",52719.66,-4.30%,9.20,-0.56%,0.08%,0.08%,-1.24%,6.44%,-1.29%,1635143,175.38,-0.22%
265,"PTC","PTC Inc","Technology","Software - Application",19281.64,52.69%,3.67,0.00%,0.00%,0.00%,-2.85%,-9.45%,-1.30%,607035,162.14,-1.56%
266,"CPAY","Corpay Inc","Technology","Software - Infrastructure",22422.96,1.19%,1.99,0.00%,0.00%,0.00%,-3.10%,2.09%,-1.30%,514474,320.52,-2.02%
267,"ETN","Eaton Corporation plc","Industrials","Specialty Industrial Machinery",128645.84,0.56%,7.69,-0.08%,-0.08%,-0.08%,-0.67%,3.38%,-1.31%,2235595,331.22,-0.84%
268,"CHRW","C.H. Robinson Worldwide, Inc","Industrials","Integrated Freight & Logistics",20870.11,7.58%,6.72,0.00%,0.70%,0.70%,0.76%,7.07%,-1.31%,1569901,176.66,-0.70%
269,"HII","Huntington Ingalls Industries Inc","Industrials","Aerospace & Defense",16425.68,11.67%,1.28,0.00%,-0.84%,-0.84%,-0.07%,18.40%,-1.32%,448932,418.58,-1.31%
270,"RBLX","Roblox Corporation","Communication Services","Electronic Gaming & Multimedia",52026.69,23.82%,15.03,0.05%,0.06%,-0.08%,-12.44%,-9.59%,-1.32%,9458539,74.12,-0.78%
271,"IQV","IQVIA Holdings Inc","Healthcare","Diagnostics & Research",40073.29,0.59%,3.74,0.00%,0.00%,0.00%,-2.47%,4.88%,-1.34%,683326,235.31,-1.56%
272,"HWM","Howmet Aerospace Inc","Industrials","Aerospace & Defense",86399.16,4.41%,10.97,0.03%,-0.06%,-0.06%,-4.18%,3.23%,-1.34%,3492863,214.89,-1.29%
273,"CDW","CDW Corp","Technology","Information Technology Services",16404.40,3.33%,4.00,0.08%,0.08%,0.08%,-4.75%,-9.68%,-1.37%,1758285,126.00,-2.56%
274,"GOOGL","Alphabet Inc","Communication Services","Internet Content & Information",3959834.81,26.79%,82.67,-0.07%,-0.07%,-0.04%,-1.46%,5.86%,-1.37%,27279974,327.93,-0.79%
275,"XPO","XPO Inc","Industrials","Trucking",17287.18,4.84%,9.72,1.58%,1.59%,1.21%,-4.63%,4.24%,-1.37%,1054118,147.27,-1.56%
276,"EL","Estee Lauder Cos., Inc","Consumer Defensive","Household & Personal Products",43709.47,82.13%,9.80,-0.87%,-0.87%,-0.86%,1.76%,8.32%,-1.38%,2725269,117.69,-1.51%
277,"EMR","Emerson Electric Co","Industrials","Specialty Industrial Machinery",82966.62,0.29%,15.33,0.00%,-1.01%,-1.01%,-0.23%,9.40%,-1.39%,3027644,147.68,-1.72%
278,"AME","Ametek Inc","Industrials","Specialty Industrial Machinery",50815.20,7.49%,3.20,0.00%,0.00%,0.00%,2.66%,7.04%,-1.42%,2177858,220.74,-0.53%
279,"JPM","JPMorgan Chase & Co","Financial","Banks - Diversified",810471.94,-4.57%,23.25,0.00%,0.01%,-0.04%,-3.73%,-7.85%,-1.42%,11107925,297.72,-1.95%
280,"Q","Qnity Electronics Inc","Technology","Semiconductor Equipment & Materials",20131.51,10.17%,3.40,0.38%,0.38%,0.38%,3.21%,17.36%,-1.43%,2288900,96.11,-2.68%
281,"NBIX","Neurocrine Biosciences, Inc","Healthcare","Drug Manufacturers - Specialty & Generic",13577.92,27.95%,4.07,-0.42%,-0.42%,-0.42%,2.12%,-7.69%,-1.43%,1159677,136.18,-0.87%
282,"IEX","Idex Corporation","Industrials","Specialty Industrial Machinery",14615.85,5.17%,2.61,0.00%,0.00%,0.00%,-0.02%,8.77%,-1.44%,581971,195.27,-1.30%
283,"ANET","Arista Networks Inc","Technology","Computer Hardware",171690.92,4.49%,14.27,0.00%,0.09%,0.23%,4.40%,4.29%,-1.47%,8053924,136.34,-1.50%
284,"FDX","Fedex Corp","Industrials","Integrated Freight & Logistics",71526.71,17.09%,4.15,0.00%,0.00%,0.10%,-2.86%,3.90%,-1.47%,1741766,304.21,-1.81%
285,"GH","Guardant Health Inc","Healthcare","Diagnostics & Research",14845.71,6.28%,10.37,0.00%,0.00%,-0.04%,2.47%,13.23%,-1.50%,1466406,114.75,-2.16%
286,"MTZ","Mastec Inc","Industrials","Engineering & Construction",19078.25,6.80%,2.42,0.00%,0.00%,0.57%,2.51%,7.67%,-1.51%,520667,241.80,-1.13%
287,"PSX","Phillips 66","Energy","Oil & Gas Refining & Marketing",57029.46,17.53%,7.97,-0.07%,-0.07%,0.22%,1.09%,9.73%,-1.51%,2046792,141.54,-0.27%
288,"EFX","Equifax, Inc","Industrials","Consulting Services",25670.93,5.26%,3.31,0.00%,0.00%,0.00%,-4.32%,-4.86%,-1.53%,2922680,209.74,-2.03%
289,"ROK","Rockwell Automation Inc","Industrials","Specialty Industrial Machinery",46979.08,13.50%,2.72,0.00%,0.00%,0.04%,-0.78%,4.83%,-1.56%,726184,417.84,-1.76%
290,"AMP","Ameriprise Financial Inc","Financial","Asset Management",46136.98,1.50%,2.89,0.00%,0.00%,-0.01%,-2.26%,0.14%,-1.56%,771998,496.60,-2.26%
291,"CRL","Charles River Laboratories International Inc","Healthcare","Diagnostics & Research",10808.21,3.95%,2.57,0.00%,0.00%,0.00%,-1.73%,8.17%,-1.56%,576850,219.61,-1.97%
292,"PANW","Palo Alto Networks Inc","Technology","Software - Infrastructure",125585.45,4.34%,47.05,0.23%,0.27%,0.20%,-4.02%,-4.91%,-1.57%,5790965,180.18,-1.15%
293,"ADI","Analog Devices Inc","Technology","Semiconductors",149638.30,1.10%,10.15,0.00%,0.00%,-0.33%,1.16%,10.80%,-1.57%,2907157,305.60,-0.95%
294,"MS","Morgan Stanley","Financial","Capital Markets",284486.38,10.39%,15.75,0.06%,0.06%,0.14%,-6.40%,-0.42%,-1.58%,8532788,179.00,-2.21%
295,"J","Jacobs Solutions Inc","Industrials","Engineering & Construction",16283.20,4.18%,3.60,0.66%,0.66%,0.66%,-2.55%,1.63%,-1.61%,620164,137.89,-1.57%
296,"UAL","United Airlines Holdings Inc","Industrials","Airlines",34879.53,5.77%,12.89,0.01%,-0.02%,-0.04%,-7.14%,-7.14%,-1.61%,4334759,107.74,-2.41%
297,"WAB","Westinghouse Air Brake Technologies Corp","Industrials","Railroads",39338.96,1.96%,2.05,0.00%,0.17%,0.17%,0.70%,3.79%,-1.61%,754286,230.11,-1.54%
298,"GS","Goldman Sachs Group, Inc","Financial","Capital Markets",275598.31,19.79%,6.98,0.07%,0.04%,0.06%,-5.84%,2.21%,-1.63%,3872606,918.88,-3.75%
299,"PSA","Public Storage","Real Estate","REIT - Industrial",49591.11,3.57%,4.06,0.00%,-0.03%,-0.03%,-3.55%,8.12%,-1.64%,824085,282.63,-1.38%
300,"GNRC","Generac Holdings Inc","Industrials","Specialty Industrial Machinery",10152.93,-16.39%,4.27,0.00%,-0.10%,-0.09%,7.17%,23.53%,-1.64%,1147170,173.01,-1.33%
301,"DECK","Deckers Outdoor Corp","Consumer Cyclical","Footwear & Accessories",14571.57,14.91%,4.04,0.20%,0.20%,0.26%,-3.00%,-1.89%,-1.66%,2255834,99.98,-1.61%
302,"TOL","Toll Brothers Inc","Consumer Cyclical","Residential Construction",13767.83,-6.18%,3.80,0.05%,0.07%,0.07%,-2.76%,3.77%,-1.66%,798375,144.92,-1.79%
303,"EXE","Expand Energy Corp","Energy","Oil & Gas E&P",26077.20,7.96%,8.47,0.00%,0.00%,0.00%,10.02%,1.53%,-1.67%,2565599,109.49,0.00%
304,"AFRM","Affirm Holdings Inc","Financial","Credit Services",23577.16,105.17%,17.70,0.00%,-0.01%,-0.01%,-0.53%,-9.09%,-1.67%,3851176,71.43,-1.93%
305,"SNOW","Snowflake Inc","Technology","Software - Application",71755.92,12.32%,12.49,0.01%,-0.03%,-0.05%,0.94%,-7.56%,-1.69%,2905287,209.69,-0.68%
306,"ASTS","AST SpaceMobile Inc","Technology","Communication Equipment",41725.77,-115.83%,38.05,0.05%,-0.16%,0.13%,12.17%,31.33%,-1.70%,11544699,113.57,-2.41%
307,"WSM","Williams-Sonoma, Inc","Consumer Cyclical","Specialty Retail",24413.36,4.52%,8.26,0.00%,0.00%,0.00%,-2.62%,7.02%,-1.74%,950564,204.50,-2.62%
308,"NTAP","Netapp Inc","Technology","Software - Infrastructure",19295.04,8.76%,18.55,0.00%,0.00%,-0.82%,-10.13%,-12.16%,-1.74%,3266204,97.42,-1.84%
309,"NXPI","NXP Semiconductors NV","Technology","Semiconductors",58508.02,-0.42%,8.53,0.13%,0.13%,0.13%,-2.57%,1.54%,-1.75%,3257988,232.48,-1.81%
310,"RRX","Regal Rexnord Corp","Industrials","Specialty Industrial Machinery",10362.10,-0.99%,3.46,0.26%,0.19%,1.00%,-1.32%,9.01%,-1.76%,301368,156.08,-1.79%
311,"ODFL","Old Dominion Freight Line, Inc","Industrials","Trucking",36445.86,5.21%,13.68,0.00%,0.00%,-0.01%,-2.19%,9.42%,-1.78%,1656145,174.30,-2.22%
312,"WAT","Waters Corp","Healthcare","Diagnostics & Research",23361.15,5.99%,2.12,0.00%,0.18%,0.15%,-0.58%,2.13%,-1.79%,581388,392.31,-2.03%
313,"LLY","Lilly(Eli) & Co","Healthcare","Drug Manufacturers - General",1006162.50,23.33%,6.97,0.04%,0.00%,0.00%,3.03%,-1.13%,-1.79%,2592850,1064.29,-2.12%
314,"WWD","Woodward Inc","Industrials","Aerospace & Defense",19578.35,10.96%,0.54,0.00%,0.00%,-0.06%,-2.67%,3.75%,-1.80%,423848,327.02,-1.80%
315,"BDX","Becton Dickinson & Co","Healthcare","Medical Instruments & Supplies",57491.60,1.05%,6.03,0.00%,0.00%,0.00%,-3.15%,2.57%,-1.81%,3433280,201.79,-2.06%
316,"WDC","Western Digital Corp","Technology","Computer Hardware",80821.57,12.03%,36.87,0.02%,0.02%,-0.08%,6.43%,33.74%,-1.81%,6115703,236.39,-2.84%
317,"TMO","Thermo Fisher Scientific Inc","Healthcare","Diagnostics & Research",235185.73,5.32%,3.90,0.00%,0.00%,-0.21%,0.21%,8.73%,-1.83%,2847626,625.98,-2.11%
318,"AVAV","AeroVironment Inc","Industrials","Aerospace & Defense",15364.69,-43.28%,3.14,-0.14%,0.02%,0.18%,-18.71%,20.50%,-1.84%,1017147,307.75,-1.40%
319,"JKHY","Jack Henry & Associates, Inc","Technology","Information Technology Services",13397.73,14.93%,3.30,0.00%,0.11%,0.11%,-3.21%,-0.12%,-1.86%,681227,185.11,-1.90%
320,"PHM","PulteGroup Inc","Consumer Cyclical","Residential Construction",24395.80,2.40%,6.60,0.00%,0.00%,0.00%,-5.80%,5.08%,-1.87%,1300287,125.16,-2.04%
321,"JBHT","J.B. Hunt Transport Services, Inc","Industrials","Integrated Freight & Logistics",19686.39,4.77%,2.84,0.00%,0.00%,0.00%,0.11%,3.59%,-1.87%,980280,206.75,-1.89%
322,"FUTU","Futu Holdings Ltd ADR","Financial","Capital Markets",15308.25,16.89%,4.72,0.01%,0.01%,0.07%,-8.41%,-2.32%,-1.88%,1439790,161.65,-0.22%
323,"APO","Apollo Global Management Inc","Financial","Asset Management",79117.40,14.23%,29.54,0.00%,0.00%,0.12%,-5.44%,-8.45%,-1.91%,3502889,136.31,-2.45%
324,"EXPE","Expedia Group Inc","Consumer Cyclical","Travel Services",33223.47,8.60%,6.98,0.09%,0.09%,0.28%,-7.86%,-6.27%,-1.92%,1577704,271.14,-3.05%
325,"LDOS","Leidos Holdings Inc","Technology","Information Technology Services",24449.74,12.35%,2.28,0.00%,0.00%,0.00%,-1.10%,2.79%,-1.93%,659454,191.23,-1.15%
326,"DHR","Danaher Corp","Healthcare","Diagnostics & Research",165999.20,9.77%,8.29,0.00%,0.00%,0.00%,-2.03%,3.07%,-1.93%,3066719,235.01,-2.11%
327,"WLK","Westlake Corporation","Basic Materials","Specialty Chemicals",10931.44,-234.76%,6.20,0.00%,0.00%,-2.55%,-3.49%,14.56%,-1.93%,1279468,85.22,-1.76%
328,"EXR","Extra Space Storage Inc","Real Estate","REIT - Industrial",31359.05,-34.59%,5.13,0.00%,0.00%,0.46%,-3.81%,8.23%,-1.93%,1229186,141.52,-1.56%
329,"MDB","MongoDB Inc","Technology","Software - Infrastructure",32450.08,63.89%,3.37,0.02%,0.02%,-0.24%,2.44%,-9.32%,-1.95%,1047630,398.69,-1.47%
330,"IT","Gartner, Inc","Technology","Information Technology Services",16704.60,13.73%,4.52,0.00%,0.00%,0.00%,0.60%,-7.47%,-1.98%,716760,231.76,-2.26%
331,"NTRS","Northern Trust Corp","Financial","Asset Management",28108.52,12.14%,1.74,0.00%,0.00%,0.07%,1.04%,5.97%,-1.98%,1117042,148.63,-2.93%
332,"PSTG","Pure Storage Inc","Technology","Computer Hardware",23029.47,0.02%,8.86,0.33%,0.48%,0.63%,-3.61%,3.61%,-1.98%,2223464,69.75,-2.34%
333,"TEL","TE Connectivity plc","Technology","Electronic Components",65704.98,6.71%,5.81,0.00%,0.00%,-0.00%,-7.47%,-4.14%,-2.04%,2894089,223.84,-3.25%
334,"BLDR","Builders Firstsource Inc","Industrials","Building Products & Equipment",13530.64,15.09%,4.77,0.00%,-0.32%,0.01%,-5.12%,18.05%,-2.05%,1699388,122.36,-2.31%
335,"CRDO","Credo Technology Group Holding Ltd","Technology","Semiconductors",24052.92,36.23%,7.32,0.06%,0.17%,0.10%,-10.70%,-11.19%,-2.07%,4348233,133.16,-1.44%
336,"CMI","Cummins Inc","Industrials","Specialty Industrial Machinery",78926.38,14.21%,1.62,0.00%,0.25%,0.16%,-0.53%,10.11%,-2.11%,894117,571.78,-1.94%
337,"ZBRA","Zebra Technologies Corp","Technology","Communication Equipment",12185.81,3.59%,1.30,0.00%,0.00%,0.00%,-7.07%,-3.54%,-2.13%,412835,240.54,-2.55%
338,"A","Agilent Technologies Inc","Healthcare","Diagnostics & Research",38286.52,0.36%,3.85,0.00%,0.00%,-0.28%,-6.75%,-2.51%,-2.14%,1811642,135.05,-2.58%
339,"FNV","Franco-Nevada Corporation","Basic Materials","Gold",49303.49,3.52%,3.54,0.00%,0.00%,0.00%,6.42%,19.07%,-2.15%,1435301,255.75,-0.99%
340,"SF","Stifel Financial Corp","Financial","Capital Markets",13064.58,5.66%,2.50,0.36%,0.36%,0.36%,-1.46%,-0.33%,-2.20%,644640,128.30,-1.97%
341,"INCY","Incyte Corp","Healthcare","Biotechnology",20022.95,40.71%,10.54,0.00%,-0.38%,0.01%,-3.09%,1.27%,-2.25%,2360919,101.99,-2.92%
342,"NBIS","Nebius Group N.V","Technology","Software - Infrastructure",23795.78,20.24%,37.79,-0.11%,-0.10%,-0.10%,-9.03%,1.36%,-2.28%,10064565,94.50,-2.43%
343,"INSM","Insmed Inc","Healthcare","Biotechnology",33315.45,-31.72%,11.02,0.00%,0.45%,0.45%,-1.92%,-11.12%,-2.38%,2506239,156.21,-2.61%
344,"BBIO","BridgeBio Pharma Inc","Healthcare","Biotechnology",15006.24,-6.25%,17.21,0.00%,0.00%,0.00%,2.11%,1.01%,-2.38%,2367566,77.87,-2.55%
345,"ILMN","Illumina Inc","Healthcare","Diagnostics & Research",22962.79,14.68%,6.81,0.00%,0.00%,0.00%,3.43%,9.22%,-2.43%,2765006,150.28,-2.38%
346,"LEN","Lennar Corp","Consumer Cyclical","Residential Construction",28290.18,-12.54%,10.56,0.16%,0.11%,0.00%,-8.52%,4.53%,-2.45%,2631272,111.84,-2.50%
347,"SPXC","SPX Technologies Inc","Industrials","Building Products & Equipment",10516.80,14.16%,0.96,0.00%,0.00%,0.00%,-1.21%,1.86%,-2.51%,298254,211.03,-2.81%
348,"SYM","Symbotic Inc","Industrials","Specialty Industrial Machinery",37233.89,814.91%,13.47,0.05%,-0.10%,0.96%,-7.43%,4.67%,-2.53%,1237124,62.08,-2.25%
349,"BX","Blackstone Inc","Financial","Asset Management",183558.84,23.90%,10.70,0.01%,0.01%,0.03%,-6.42%,-3.43%,-2.58%,4132082,150.48,-2.86%
350,"COIN","Coinbase Global Inc","Financial","Financial Data & Stock Exchanges",58502.22,30.91%,17.30,-0.06%,-0.07%,-0.09%,-9.33%,-12.48%,-2.60%,12975056,216.95,-2.77%
351,"MKSI","MKS Inc","Technology","Scientific & Technical Instruments",14579.81,4.12%,2.95,0.00%,0.00%,0.14%,5.75%,34.00%,-2.66%,1317822,217.06,-2.66%
352,"CAT","Caterpillar Inc","Industrials","Farm & Heavy Construction Machinery",293245.38,9.22%,5.61,-0.05%,-0.05%,0.05%,-3.18%,7.59%,-2.72%,2267826,626.62,-3.36%
353,"ALNY","Alnylam Pharmaceuticals Inc","Healthcare","Biotechnology",47294.11,227.99%,5.53,0.00%,0.00%,0.57%,-0.36%,-12.20%,-2.78%,1636801,357.98,-3.25%
354,"MTSI","MACOM Technology Solutions Holdings Inc","Technology","Semiconductors",16446.89,1.15%,2.81,0.09%,0.09%,0.09%,0.15%,25.16%,-2.81%,1197862,219.26,-2.24%
355,"COF","Capital One Financial Corp","Financial","Credit Services",138144.91,-6.82%,8.67,-0.08%,-0.07%,-0.16%,-8.30%,-11.94%,-2.90%,14209776,217.30,-7.56%
356,"URI","United Rentals, Inc","Industrials","Rental & Leasing Services",58478.02,-4.84%,1.57,0.00%,0.00%,0.16%,-0.81%,12.53%,-2.92%,574203,919.03,-3.87%
357,"PODD","Insulet Corporation","Healthcare","Medical Devices",19106.22,8.75%,2.07,0.00%,0.00%,0.04%,-5.20%,-6.85%,-2.94%,1662653,271.60,-3.00%
358,"BNTX","BioNTech SE ADR","Healthcare","Biotechnology",27888.55,87.51%,4.97,0.00%,0.00%,0.00%,9.34%,25.83%,-2.95%,1250756,115.98,-2.10%
359,"ARES","Ares Management Corp","Financial","Asset Management",50955.78,3.34%,9.55,0.00%,0.00%,0.32%,-8.07%,-8.46%,-2.96%,1836552,155.89,-3.49%
360,"KTOS","Kratos Defense & Security Solutions Inc","Industrials","Aerospace & Defense",18638.33,12.00%,8.67,-0.18%,-0.18%,-0.22%,-11.38%,35.40%,-3.02%,4004576,110.39,-3.04%
361,"FIGR","Figure Technology Solutions Inc","Financial","Capital Markets",13440.94,110.27%,5.66,-0.29%,-0.32%,-0.32%,-3.31%,38.93%,-3.15%,3568561,62.81,-3.19%
362,"FLUT","Flutter Entertainment Plc","Consumer Cyclical","Gambling",30657.30,169.91%,8.64,0.57%,0.57%,0.57%,-13.01%,-21.90%,-3.19%,4634479,174.91,-3.47%
363,"DHI","D.R. Horton Inc","Consumer Cyclical","Residential Construction",43958.03,5.45%,15.29,0.00%,0.17%,-0.01%,-6.52%,3.53%,-3.40%,2976927,150.51,-3.36%
364,"TLN","Talen Energy Corp","Utilities","Utilities - Independent Power Producers",16741.39,33.51%,2.28,-0.27%,-0.27%,-0.54%,-12.56%,-3.28%,-3.49%,710884,366.43,-3.54%
365,"STRL","Sterling Infrastructure Inc","Industrials","Engineering & Construction",10794.48,23.67%,2.32,0.00%,0.00%,-0.39%,4.48%,12.25%,-3.55%,398270,351.39,-3.53%
366,"BAH","Booz Allen Hamilton Holding Corp","Industrials","Consulting Services",12400.62,37.09%,9.43,0.05%,0.10%,0.05%,5.27%,18.20%,-3.64%,6129031,102.23,6.76%
367,"WST","West Pharmaceutical Services, Inc","Healthcare","Medical Instruments & Supplies",17026.13,16.33%,1.77,0.00%,0.00%,0.00%,-15.30%,-13.91%,-3.80%,1929346,236.66,-4.49%
368,"INTC","Intel Corp","Technology","Semiconductors",224663.89,84.28%,115.95,-0.20%,-0.29%,-0.20%,-6.73%,23.92%,-3.82%,294675401,45.07,-17.03%
369,"ARM","Arm Holdings plc. ADR","Technology","Semiconductors",123150.27,-33.07%,15.53,0.16%,0.17%,-0.05%,10.43%,2.45%,-3.98%,6814502,116.07,-2.63%
370,"IONQ","IonQ Inc","Technology","Computer Hardware",16739.71,-713.64%,78.18,-0.00%,-0.07%,-0.13%,-0.65%,-12.27%,-4.04%,14734243,47.25,-4.22%
371,"OKLO","Oklo Inc","Utilities","Utilities - Independent Power Producers",13691.93,-48.15%,16.97,-0.10%,0.05%,-0.03%,-4.18%,5.02%,-4.11%,9368050,87.63,-3.63%
372,"LPLA","LPL Financial Holdings Inc","Financial","Capital Markets",28982.42,15.81%,2.73,0.00%,0.28%,0.28%,-3.91%,-2.32%,-4.22%,598131,362.11,-4.26%
373,"ALAB","Astera Labs Inc","Technology","Semiconductors",28656.19,25.67%,11.71,-0.48%,-0.28%,-0.55%,-2.75%,-1.71%,-4.26%,6106393,169.66,-3.79%
374,"LITE","Lumentum Holdings Inc","Technology","Communication Equipment",24048.57,6.74%,11.76,-0.10%,-0.09%,-0.44%,-1.19%,-13.00%,-4.32%,3469371,339.19,-4.32%
375,"KRMN","Karman Holdings Inc","Industrials","Aerospace & Defense",14319.93,-10.47%,8.04,0.92%,1.65%,0.99%,-1.16%,37.21%,-5.07%,1867387,108.22,-3.04%
376,"TEM","Tempus AI Inc","Healthcare","Health Information Services",11620.90,36.16%,20.07,-0.43%,-0.55%,-0.32%,-5.22%,-0.91%,-5.07%,3932199,65.32,-4.45%
377,"AMKR","AMKOR Technology Inc","Technology","Semiconductor Equipment & Materials",12287.99,19.89%,7.47,0.00%,-0.00%,0.00%,1.04%,21.87%,-5.22%,3108839,49.71,-5.22%
378,"SNDK","Sandisk Corp","Technology","Computer Hardware",69441.29,38.15%,8.82,-0.05%,0.03%,0.10%,15.78%,96.57%,-5.88%,21061103,473.83,-5.88%
379,"RMBS","Rambus Inc","Technology","Semiconductors",12413.14,-0.75%,4.08,0.34%,0.84%,-0.03%,11.88%,21.05%,-6.43%,2901042,115.31,-7.58%
